[{"Number":"6383273932180dc7b2baff9a","Name":"Raja Kumar","email":"rajakumar@gmail.com","password":"1234"},{"Number":"638405ac1e00f3725829108d","Name":"shubham joshi","email":"shubhamjoshi@gmail.com","password":"1234"},{"Number":"6384074f17f481fd3f50200f","Name":"nemat Ansari","email":"nematansari0@gmail.com","password":"222"},{"Number":"63843b16e8ecbf872453f5ba","Name":"Divyanshi saxena","email":"divyanshi@gmail.com","password":"aaaa"},{"Number":"63845f3948058306063c5800","Name":"aarti akole","email":"aartiakole@gmail.com","password":"aarti"},{"Number":"63845ff348058306063c5802","Name":"aarti akole","email":"aartiakole@gmail.com","password":"aarti"},{"Number":"63878c65bc9cc3af10800b23","Name":"demo","email":"a@gmail.com","password":"1"},
{"Number":"8","Name":"Shimrol","email":"nematansari9552@gmail.com","password":"88888"},

{"Number":"9","Name":"light","email":"ne9552@gmail.com","password":"000000000000"},

{"Number":"9","Name":"light","email":"ne9552@gmail.com","password":"000000000000"},

{"Number":"9","Name":"light","email":"ne9552@gmail.com","password":"000000000000"},

{"Number":"9","Name":"light","email":"ne9552@gmail.com","password":"000000000000"},

{"Number":"9","Name":"light","email":"ne9552@gmail.com","password":"000000000000"},
{"Number":"9","Name":"light","email":"ne9552@gmail.com","password":"000000000000"},
{"Number":"9","Name":"light","email":"ne9552@gmail.com","password":"000000000000"},
{"Number":"9","Name":"light","email":"ne9552@gmail.com","password":"000000000000"},
{"Number":"9","Name":"light","email":"ne9552@gmail.com","password":"000000000000"},
{"Number":"9","Name":"light","email":"ne9552@gmail.com","password":"000000000000"},
{"Number":"9","Name":"light","email":"ne9552@gmail.com","password":"000000000000"},

{"Number":"9","Name":"light","email":"ne9552@gmail.com","password":"000000000000"}

]