[{"_id":"63834be2ef3b8ce815835ef3","Name":"Nemat Ansari","Email":"nematansari0@gmail.com","gender":"Male","mobilenumber":"1111","address":"Indore"},{"_id":"638375634fed8bd1372b2214","Name":"Shubham","Email":"Shubham@gmail.com","gender":"Male","mobilenumber":"123456789","address":"Indore"},{"_id":"6383766dea05439ab789090a","Name":"Nemat Ansari","Email":"nematansari0@gmail.com","gender":"Male","mobilenumber":"909090","address":"Indore"},{"_id":"638376abc34b34ab5d62e024","Name":"Nemat Ullah","Email":"nematansari0@gmail.com","gender":"Male","mobilenumber":"90909","address":"Indore"},{"_id":"6388848d5681ffc1c180c580","Name":"Nemat","email":"a@gmail.com","password":"1111"},{"_id":"638884b3df06a60913cec114","Name":"Nemat","email":"a@gmail.com","password":"1111"},{"_id":"638884dbdf06a60913cec116","Name":"Nemat","email":"a@gmail.com","password":"1111"}]